date,keyword
31/05/2021,DHL
31/05/2021,Hilli Fruits
31/05/2021,Commerzbank
31/05/2021,DAX
31/05/2021,Fronleichnam
31/05/2021,Deutsche Bank
31/05/2021,Sked
31/05/2021,Rentenbesteuerung
31/05/2021,Explosion Hamburg
31/05/2021,WowWow
31/05/2021,Graz
31/05/2021,Sparkasse
31/05/2021,Österreich
31/05/2021,Waidmannsdank
31/05/2021,Linz
31/05/2021,Udo Walz
31/05/2021,Cover Me in Sunshine
31/05/2021,TUI-Aktie
31/05/2021,Roger Federer
31/05/2021,Lufthansa-Aktie
01/06/2021,Pride Month
01/06/2021,Rummenigge
01/06/2021,Johannes Oerding
01/06/2021,Johnson & Johnson
01/06/2021,Reiner Calmund
01/06/2021,Charlotte Würdig
01/06/2021,Apotheke
01/06/2021,Sturm der Liebe
01/06/2021,Vogelgrippe
01/06/2021,Wacken 2021
01/06/2021,Carlo Ancelotti
01/06/2021,Gerhard Schröder
01/06/2021,Deutschland Lettland
01/06/2021,Nico Schlotterbeck
01/06/2021,Rebel Wilson
01/06/2021,Bedingungsloses Grundeinkommen
01/06/2021,Jessica Paszka
01/06/2021,Sahra Wagenknecht
01/06/2021,Matthias Steiner
01/06/2021,Pride
02/06/2021,Frank Kameny
02/06/2021,Fronleichnam
02/06/2021,Moshammer
02/06/2021,AMC-Aktie
02/06/2021,RTL
02/06/2021,Lothar Matthäus
02/06/2021,KFC Uerdingen
02/06/2021,Marina Marx
02/06/2021,Alexander Zverev
02/06/2021,Florian Neuhaus
02/06/2021,Mark van Bommel
02/06/2021,Kate Winslet
02/06/2021,Romy Walthall
02/06/2021,Jogi Löw
02/06/2021,Celonis
02/06/2021,Länderspiel
02/06/2021,Herzmuskelentzündung
02/06/2021,Manuel Neuer
02/06/2021,Charlie Watts
02/06/2021,Deutschland Dänemark
03/06/2021,Eishockey-WM
03/06/2021,Evelyn Burdecki
03/06/2021,Kebekus
03/06/2021,Hannover
03/06/2021,Fussball EM
03/06/2021,Brandenburg
03/06/2021,Die Welt ist nicht genug
03/06/2021,Roger Federer
03/06/2021,Fussball
03/06/2021,Bettina Wulff
03/06/2021,Annika Lau Frühstücksfernsehen
03/06/2021,Bozen-Krimi
03/06/2021,SPORT1
03/06/2021,Schießerei Hannover
03/06/2021,24h Nürburgring
03/06/2021,3080 Ti
03/06/2021,Das Ende der Wahrheit
03/06/2021,Desiree Nick
03/06/2021,24h-Rennen
03/06/2021,Spotify Only You
04/06/2021,Kardinal Marx
04/06/2021,Christina Luft
04/06/2021,Corona-Regeln Bayern
04/06/2021,SPORT1
04/06/2021,Robert Beitsch
04/06/2021,Prinzessin Madeleine
04/06/2021,Edge of Tomorrow
04/06/2021,Marta Arndt
04/06/2021,Alexander Zverev
04/06/2021,Davina Geiss
04/06/2021,Kathrin Menzinger
04/06/2021,Unwetterwarnung
04/06/2021,Sweet Tooth
04/06/2021,Lakers
04/06/2021,F1
04/06/2021,Eishockey-WM 2021 Spielplan
04/06/2021,Unwetter NRW
04/06/2021,Friederike Mayröcker
04/06/2021,No Angels
04/06/2021,Autohero
05/06/2021,Helene Fischer
05/06/2021,Roger Federer
05/06/2021,Wincent Weiss
05/06/2021,Rot-Weiss Essen
05/06/2021,SPORT1 LIVE
05/06/2021,Jens Spahn
05/06/2021,Florian Silbereisen
05/06/2021,Meret Becker
05/06/2021,Martha Argerich
05/06/2021,Tank Man
05/06/2021,U21 EM-Finale
05/06/2021,Anna Elendt
05/06/2021,SPORT1
05/06/2021,Hennef
05/06/2021,Struff
05/06/2021,Friesland Asche zu Asche
05/06/2021,Eishockey-WM
05/06/2021,Formel 1
05/06/2021,24h Nürburgring 2021
05/06/2021,Kardinal Marx
06/06/2021,Wahl Sachsen-Anhalt
06/06/2021,Meghan Markle
06/06/2021,Sarah Engels
06/06/2021,Joshua Kimmich
06/06/2021,Niklas Dorsch
06/06/2021,ARD
06/06/2021,Mayweather Logan Paul
06/06/2021,Eva Herzig
06/06/2021,Andreas Gabalier
06/06/2021,Andrea Kiewel
06/06/2021,Eishockey-WM Finale
06/06/2021,Mick Schumacher
06/06/2021,Agit Kabayel
06/06/2021,MDR
06/06/2021,Frauen-Bundesliga
06/06/2021,Tatort: Die dritte Haut
06/06/2021,Late Night
06/06/2021,Mansour Ojjeh
06/06/2021,Hans-Georg Maaßen
06/06/2021,Lydia Hüskens
07/06/2021,Apple
07/06/2021,Bushido
07/06/2021,Lena Meyer-Landrut
07/06/2021,Djokovic
07/06/2021,RTL
07/06/2021,WWDC
07/06/2021,Let's Dance - Kids
07/06/2021,Impftermin NRW
07/06/2021,Die Toten vom Bodensee
07/06/2021,Lothar Matthäus
07/06/2021,Nora Waldstätten
07/06/2021,Manuel Neuer
07/06/2021,Wahl Sachsen-Anhalt
07/06/2021,U21-EM
07/06/2021,Deutschland gegen Lettland
07/06/2021,Formel-1
07/06/2021,Mayweather Logan Paul
07/06/2021,Meghan Markle
07/06/2021,Niklas Dorsch
07/06/2021,Sarah Engels
08/06/2021,Silas Wamangituka
08/06/2021,Ratko Mladic
08/06/2021,Fortnite Season 7
08/06/2021,Minecraft 1.17
08/06/2021,Ian Hooper
08/06/2021,Fastly
08/06/2021,Macron
08/06/2021,Davidovich Fokina
08/06/2021,Namibia
08/06/2021,Jeff Bezos
08/06/2021,Deutschland Lettland
08/06/2021,Bushido
08/06/2021,Apple
08/06/2021,Pinar Atalay
08/06/2021,WWDC 2021
08/06/2021,Rente mit 68
08/06/2021,windeln.de-Aktie
08/06/2021,Robin Gosens
08/06/2021,Fussball heute
08/06/2021,Deutschland Fußball
09/06/2021,Libuše Šafránková
09/06/2021,Battlefield 6
09/06/2021,Loki Serie
09/06/2021,Tsitsipas
09/06/2021,Aktenzeichen XY
09/06/2021,Arabella Kiesbauer
09/06/2021,Karim Benzema
09/06/2021,Teyana Taylor
09/06/2021,Grey's Anatomy Staffel 17
09/06/2021,Michael J. Fox
09/06/2021,Anthony Jung
09/06/2021,Attila Hildmann
09/06/2021,No Angels
09/06/2021,Bauer sucht Frau
09/06/2021,Armie Hammer
09/06/2021,Awake
09/06/2021,Digitaler Impfpass
09/06/2021,Sonnenfinsternis
09/06/2021,Silas Wamangituka
09/06/2021,Ratko Mladic
10/06/2021,Valentina Pahde
10/06/2021,Tengelmann
10/06/2021,Rurik Gislason
10/06/2021,Irina Shayk
10/06/2021,Giffey
10/06/2021,Elden Ring
10/06/2021,Martin Stoeck
10/06/2021,Gottfried Böhm
10/06/2021,Summer Game Fest
10/06/2021,Sarah Harrison
10/06/2021,Kardinal Marx
10/06/2021,We Are Football
10/06/2021,Jürgen Prochnow
10/06/2021,Beatrice Egli
10/06/2021,Staatstrojaner
10/06/2021,Sonnenfinsternis 2021
10/06/2021,CovPass
10/06/2021,Libuše Šafránková
10/06/2021,Philipp Mickenbecker
10/06/2021,Djokovic
11/06/2021,Uefa Euro 2020
11/06/2021,EM Spielplan
11/06/2021,Philipp Mickenbecker
11/06/2021,Fussball EM
11/06/2021,Em 2020
11/06/2021,ARD
11/06/2021,Zverev
11/06/2021,Europameisterschaft
11/06/2021,EURO 2020
11/06/2021,Sport
11/06/2021,EM 2021 Spielplan
11/06/2021,Eröffnungsfeier EM 2021
11/06/2021,ZDF
11/06/2021,Sahra Wagenknecht
11/06/2021,MagentaTV
11/06/2021,INSM
11/06/2021,Cornwall
11/06/2021,G7
11/06/2021,Lucinda Riley
11/06/2021,Curevac
12/06/2021,Belgien Russland
12/06/2021,Eden Hazard
12/06/2021,Christoph Kramer
12/06/2021,Sascha Grammel
12/06/2021,Ubisoft
12/06/2021,EM deutschland spiele
12/06/2021,Tennis
12/06/2021,Queen Elizabeth
12/06/2021,Pohjanpalo
12/06/2021,Cosi fan tutte
12/06/2021,Yussuf Poulsen
12/06/2021,Carolin Emcke
12/06/2021,Christian Eriksen
12/06/2021,Em 2021
12/06/2021,Türkei Italien
12/06/2021,Wales Schweiz
12/06/2021,EM-Spielplan
12/06/2021,MagentaTV
12/06/2021,Nadal
12/06/2021,Europameisterschaft
13/06/2021,Nordmazedonien
13/06/2021,Niederlande Ukraine
13/06/2021,ARD
13/06/2021,Bastian Schweinsteiger
13/06/2021,Memphis Depay
13/06/2021,Gülcan Kamps
13/06/2021,Jodie Foster
13/06/2021,Rebecca Mir
13/06/2021,Wijnaldum
13/06/2021,Deutschland Frankreich
13/06/2021,Maskenpflicht
13/06/2021,Paul Zipser
13/06/2021,Herzogenaurach
13/06/2021,Holland
13/06/2021,Grünen Annalena Baerbock
13/06/2021,Forza Horizon 5
13/06/2021,Ken Jebsen
13/06/2021,Rebel Wilson
13/06/2021,Square Enix
13/06/2021,England Kroatien
